departure city,arrival city,departure time
40,1,890
59,1,710
93,1,1383
44,1,925
53,1,179
26,1,506
4,1,716
56,1,646
20,1,499
72,1,517
50,1,929
66,1,1327
99,1,506
90,1,200
69,1,459
6,1,483
97,1,1367
21,1,236
64,1,984
83,1,1081
76,1,444
68,1,384
8,1,465
95,1,181
1,1,848
22,1,470
100,1,1223
62,1,1273
57,1,993
88,1,910
69,1,141
82,1,166
48,1,270
57,1,624
35,1,233
63,1,790
50,1,383
33,1,1082
43,1,1403
68,1,81
9,1,268
60,1,236
5,1,986
78,1,1317
38,1,108
41,1,1022
54,1,305
30,1,2
9,1,938
70,1,1176
51,1,1223
41,1,331
86,1,152
97,1,1196
42,1,1194
29,1,442
63,1,1384
22,1,747
28,1,647
5,1,580
18,1,946
37,1,1309
81,1,733
83,1,1436
12,1,59
86,1,627
51,1,1038
33,1,1391
68,1,709
20,1,76
59,1,3
100,1,1
73,1,320
27,1,177
73,1,795
45,1,395
40,1,1229
51,1,845
47,1,432
13,1,610
72,1,819
18,1,880
54,1,76
71,1,333
18,1,265
11,1,1078
5,1,318
46,1,1033
29,1,1321
24,1,1432
37,1,1078
95,1,608
83,1,352
3,1,1028
67,1,727
28,1,284
26,1,1227
79,1,254
74,1,1163
28,1,1314
26,1,100
77,1,827
80,1,91
76,1,676
44,1,327
12,1,720
83,1,1183
23,1,946
23,1,1311
57,1,733
83,1,1420
29,1,459
61,1,1152
39,1,662
99,1,481
97,1,518
84,1,106
67,1,1002
97,1,941
64,1,839
85,1,36
98,1,781
69,1,694
53,1,1125
47,1,1267
95,1,437
66,1,109
5,1,536
36,1,405
16,1,572
1,1,473
6,1,166
77,1,1378
94,1,1172
83,1,1310
48,1,221
28,1,247
39,1,1152
65,1,1074
8,1,128
16,1,584
14,1,569
20,1,1210
93,1,1387
34,1,142
37,1,488
18,1,324
70,1,538
49,1,1435
92,1,432
44,1,607
41,1,1351
96,1,1108
13,1,1209
21,1,889
63,1,863
59,1,1182
68,1,953
67,1,1198
62,1,826
69,1,439
74,1,797
36,1,771
23,1,736
10,1,582
29,1,190
53,1,524
42,1,849
49,1,977
11,1,420
12,1,1133
19,1,919
75,1,1393
71,1,135
75,1,138
13,1,1423
73,1,1340
65,1,1345
67,1,473
49,1,1216
80,1,939
31,1,147
17,1,170
28,1,1343
30,1,428
82,1,121
6,1,1061
85,1,1165
97,1,451
2,1,241
48,1,1051
31,1,413
73,1,330
72,1,913
100,1,836
65,1,285
13,1,34
51,1,1399
65,1,708
85,1,570
66,1,274
8,1,1121
71,1,241
1,1,326
46,1,627
9,1,570
21,1,171
50,1,364
39,1,1333
12,1,1226
65,1,1096
16,1,312
54,1,305
34,1,1418
77,1,694
40,1,871
60,1,190
89,1,826
58,1,356
96,1,1011
8,1,774
7,1,929
11,1,643
17,1,1420
34,1,136
15,1,171
32,1,416
71,1,1422
74,1,22
68,1,758
86,1,1426
21,1,1356
2,1,218
35,1,1332
87,1,835
99,1,464
73,1,585
3,1,987
51,1,603
49,1,29
67,1,1354
71,1,171
11,1,1128
25,1,1255
63,1,1150
52,1,1348
58,1,500
50,1,1040
45,1,613
86,1,1275
69,1,1319
57,1,833
8,1,1303
15,1,312
90,1,990
57,1,602
49,1,700
32,1,1016
100,1,320
22,1,1163
25,1,460
20,1,1419
5,1,625
41,1,187
19,1,874
61,1,1033
80,1,405
31,1,948
51,1,1022
36,1,80
38,1,964
44,1,842
82,1,319
49,1,100
2,1,1425
57,1,803
64,1,1375
73,1,863
78,1,196
84,1,781
81,1,1264
69,1,449
60,1,631
63,1,1279
17,1,203
6,1,1392
65,1,1205
14,1,781
24,1,353
85,1,456
56,1,591
64,1,1418
36,1,958
58,1,922
26,1,161
86,1,1356
62,1,726
45,1,591
22,1,1370
95,1,1409
99,1,732
18,1,1314
37,1,1161
54,1,939
46,1,863
98,1,170
82,1,897
99,1,83
80,1,196
57,1,1215
79,1,780
92,1,740
33,1,113
68,1,675
8,1,9
54,1,75
1,1,759
24,1,100
50,1,494
95,1,1206
30,1,43
70,1,622
91,1,1067
96,1,770
24,1,1371
68,1,154
85,1,202
27,1,1025
49,1,520
17,1,404
40,1,274
87,1,1064
66,1,873
63,1,123
19,1,27
39,1,572
13,1,658
89,1,85
58,1,819
15,1,1039
67,1,201
28,1,995
14,1,1439
12,1,1382
95,1,266
13,1,34
67,1,484
53,1,953
45,1,584
57,1,1012
8,1,868
5,1,190
79,1,4
4,1,465
83,1,216
91,1,988
15,1,375
48,1,88
62,1,995
80,1,213
81,1,999
34,1,722
24,1,457
87,1,1430
78,1,1371
55,1,353
13,1,827
4,1,141
91,1,1249
78,1,105
52,1,990
46,1,39
72,1,1059
67,1,1286
87,1,957
50,1,463
31,1,822
22,1,530
35,1,1387
4,1,1180
43,1,1111
34,1,658
55,1,905
10,1,947
96,1,1262
58,1,187
94,1,1198
65,1,639
76,1,537
71,1,1392
10,1,1390
69,1,49
60,1,448
70,1,664
11,1,836
90,1,937
18,1,54
11,1,1207
54,1,1373
36,1,19
48,1,222
48,1,519
35,1,1406
19,1,859
86,1,7
67,1,504
3,1,130
10,1,1437
28,1,960
56,1,1376
77,1,565
66,1,508
92,1,2
6,1,834
59,1,716
81,1,1155
17,1,773
23,1,1096
13,1,48
76,1,1351
68,1,1033
60,1,208
19,1,768
32,1,745
75,1,1116
74,1,30
12,1,138
44,1,1298
18,1,1399
85,1,795
18,1,305
50,1,82
36,1,1069
47,1,259
21,1,1418
50,1,543
6,1,1254
46,1,101
87,1,821
12,1,713
59,1,524
28,1,1350
21,1,1111
37,1,409
69,1,42
32,1,651
13,1,872
55,1,286
29,1,1023
87,1,1155
57,1,91
27,1,18
11,1,973
72,1,493
98,1,432
14,1,766
79,1,398
33,1,551
7,1,867
53,1,216
86,1,1405
42,1,276
89,1,909
2,1,1266
53,1,443
50,1,1409
33,1,330
29,1,495
62,1,1235
64,1,366
12,1,563
83,1,1296
61,1,949
19,1,673
25,1,779
46,1,52
63,1,1261
84,1,843
62,1,1182
14,1,717
87,1,1199
97,1,460
23,1,512
89,1,1403
19,1,919
21,1,82
90,1,459
65,1,949
68,1,1143
80,1,1029
99,1,963
43,1,1370
93,1,362
63,1,471
62,1,1222
100,1,706
86,1,9
48,1,1282
53,1,137
91,1,711
58,1,997
21,1,332
29,1,1060
26,1,706
39,1,995
48,1,1211
73,1,1321
59,1,680
30,1,113
8,1,485
17,1,974
69,1,889
18,1,666
48,1,189
100,1,616
19,1,846
47,1,1352
37,1,350
18,1,1233
8,1,1407
60,1,625
64,1,1430
88,1,1245
79,1,1184
73,1,193
68,1,487
72,1,96
11,1,1218
47,1,1163
90,1,953
30,1,436
74,1,1084
67,1,366
48,1,463
56,1,121
73,1,732
63,1,473
62,1,1139
53,1,276
15,1,1091
62,1,479
25,1,602
70,1,665
20,1,1321
95,1,330
55,1,688
24,1,933
49,1,150
64,1,46
63,1,1153
100,1,270
72,1,606
62,1,137
90,1,515
82,1,1291
9,1,61
74,1,1156
38,1,1371
13,1,564
67,1,541
7,1,1169
82,1,764
7,1,57
96,1,780
22,1,1044
12,1,1424
3,1,528
1,1,1203
22,1,1057
36,1,1162
88,1,587
32,1,1306
59,1,752
34,1,41
60,1,853
97,1,1365
2,1,250
93,1,481
18,1,1233
54,1,39
34,1,1368
73,1,909
38,1,1149
24,1,1040
54,1,459
36,1,685
1,1,1432
92,1,106
99,1,783
82,1,1145
94,1,1277
1,1,355
41,1,13
53,1,1259
88,1,900
1,1,427
44,1,1421
58,1,1186
4,1,1018
24,1,297
96,1,235
80,1,1382
44,1,984
97,1,1394
60,1,243
69,1,521
4,1,1094
44,1,36
36,1,923
67,1,1293
56,1,885
25,1,55
44,1,988
37,1,438
38,1,871
4,1,481
28,1,1057
1,1,1283
53,1,135
16,1,475
4,1,522
90,1,1117
6,1,162
47,1,1387
5,1,911
97,1,461
26,1,575
11,1,1374
90,1,796
89,1,67
39,1,1251
8,1,218
98,1,297
43,1,1360
85,1,237
80,1,348
20,1,377
78,1,413
3,1,16
97,1,561
39,1,1283
17,1,695
79,1,907
3,1,797
21,1,503
5,1,1315
70,1,1046
70,1,1232
47,1,1270
64,1,1031
20,1,264
69,1,879
80,1,1426
57,1,170
61,1,284
22,1,1275
97,1,830
46,1,228
64,1,600
9,1,1097
100,1,1223
80,1,1415
43,1,1206
17,1,1072
93,1,350
8,1,329
16,1,457
89,1,492
97,1,1147
39,1,157
71,1,1010
84,1,1193
99,1,170
28,1,249
4,1,1426
51,1,376
7,1,425
68,1,814
6,1,425
65,1,1034
70,1,1140
22,1,1429
25,1,548
86,1,517
14,1,1090
79,1,227
77,1,1190
69,1,1437
50,1,1082
85,1,534
14,1,1338
89,1,322
26,1,1085
55,1,236
50,1,643
64,1,1400
19,1,1251
2,1,963
16,1,236
5,1,745
41,1,1430
62,1,1427
12,1,843
23,1,689
55,1,1304
74,1,151
94,1,1164
93,1,830
31,1,119
17,1,640
81,1,1362
89,1,1320
77,1,1206
82,1,396
79,1,328
61,1,1275
50,1,1195
49,1,358
45,1,185
33,1,1341
87,1,197
39,1,276
41,1,249
69,1,56
54,1,1202
28,1,1204
21,1,132
100,1,345
90,1,671
64,1,752
28,1,958
96,1,804
91,1,465
73,1,1365
92,1,1108
93,1,120
63,1,1136
5,1,275
80,1,640
81,1,1284
64,1,547
5,1,550
56,1,294
56,1,284
72,1,149
10,1,148
99,1,1389
74,1,290
58,1,942
88,1,1317
48,1,767
27,1,967
4,1,613
85,1,741
27,1,1390
69,1,127
68,1,672
58,1,882
31,1,710
35,1,502
80,1,806
9,1,640
92,1,1398
9,1,1321
58,1,523
18,1,814
61,1,1142
94,1,408
8,1,558
78,1,468
32,1,616
86,1,166
41,1,1148
43,1,1372
44,1,1359
21,1,734
96,1,354
64,1,687
61,1,1188
50,1,1288
92,1,1179
38,1,1141
27,1,1045
13,1,1070
10,1,1376
84,1,705
20,1,118
20,1,1231
56,1,48
26,1,303
6,1,458
50,1,333
92,1,228
55,1,1282
51,1,824
90,1,397
71,1,753
13,1,527
83,1,609
42,1,1390
24,1,926
13,1,841
31,1,1009
14,1,1014
13,1,328
50,1,1370
50,1,704
66,1,1051
55,1,1106
17,1,549
50,1,1380
30,1,1278
22,1,1418
5,1,612
39,1,1119
11,1,167
2,1,1410
18,1,1189
51,1,658
27,1,38
21,1,287
25,1,481
95,1,220
33,1,862
11,1,925
12,1,333
32,1,24
26,1,332
49,1,738
19,1,7
28,1,604
52,1,1126
97,1,1299
54,1,906
95,1,512
70,1,188
12,1,96
57,1,1178
49,1,1119
16,1,1224
99,1,1005
82,1,193
2,1,1336
20,1,591
65,1,1258
17,1,963
12,1,1254
86,1,1236
93,1,152
7,1,809
62,1,1
29,1,382
33,1,1347
85,1,321
91,1,578
40,1,744
14,1,391
87,1,1319
89,1,412
99,1,724
74,1,1010
96,1,1328
60,1,858
8,1,398
33,1,256
14,1,301
67,1,1202
92,1,800
59,1,387
76,1,594
76,1,1390
90,1,811
100,1,1098
87,1,307
37,1,506
93,1,1081
84,1,557
38,1,1341
36,1,982
20,1,1073
56,1,1289
70,1,343
56,1,717
48,1,378
73,1,445
51,1,973
9,1,1335
81,1,786
64,1,560
80,1,1002
57,1,158
45,1,866
100,1,646
28,1,906
39,1,258
7,1,646
78,1,1034
73,1,629
91,1,1038
97,1,995
14,1,878
64,1,1125
70,1,1392
69,1,173
99,1,1225
65,1,869
22,1,1420
7,1,721
4,1,1352
36,1,488
72,1,711
85,1,1110
30,1,646
25,1,1030
22,1,627
97,1,1402
47,1,356
35,1,1182
32,1,643
79,1,885
64,1,249
17,1,40
31,1,201
63,1,23
20,1,763
5,1,991
3,1,568
44,1,616
82,1,271
29,1,1328
98,1,532
42,1,631
34,1,518
72,1,1024
36,1,1111
29,1,753
97,1,973
56,1,581
22,1,528
56,1,1379
84,1,837
73,1,394
97,1,879
20,1,1227
76,1,788
97,1,967
93,1,1004
6,1,620
16,1,1055
12,1,407
97,1,1436
84,1,19
72,1,134
71,1,1146
45,1,1267
68,1,998
27,1,295
41,1,1247
76,1,1
77,1,803
45,1,1256
46,1,1400
52,1,777
82,1,393
33,1,848
40,1,615
71,1,792
21,1,129
35,1,1263
53,1,1100
17,1,67
87,1,998
43,1,275
39,1,142
62,1,1125
6,1,830
74,1,116
22,1,1285
11,1,959
39,1,666
58,1,451
87,1,128
46,1,363
39,1,130
97,1,700
22,1,705
71,1,328
5,1,916
98,1,563
49,1,1104
31,1,1329
66,1,676
76,1,271
34,1,685
91,1,1292
76,1,925
50,1,1230
81,1,735
19,1,317
69,1,161
83,1,1432
15,1,175
26,1,101
63,1,801
90,1,588
30,1,1220
24,1,193
34,1,433
77,1,1178
45,1,1070
19,1,925
11,1,425
70,1,595
72,1,594
3,1,905
84,1,1192
22,1,588
41,1,1410
87,1,281
5,1,1042
36,1,1290
3,1,399
79,1,1298
80,1,912
79,1,782
63,1,230
56,1,1238
37,1,1042
16,1,285
23,1,1263
70,1,938
81,1,869
23,1,739
57,1,16
21,1,1047
45,1,1086
10,1,1393
100,1,16
91,1,1224
7,1,927
91,1,894
51,1,441
58,1,841
85,1,90
81,1,1085
9,1,354
59,1,2
32,1,768
17,1,850
8,1,50
34,1,723
79,1,340
93,1,262
50,1,1192
10,1,668
70,1,969
1,1,572
31,1,79
4,1,270
9,1,209
77,1,307
61,1,1330
44,1,1119
77,1,1289
17,1,740
49,1,1274
26,1,365
56,1,205
70,1,378
20,1,1401
9,1,350
95,1,543
71,1,994
79,1,1249
58,1,1234
25,1,628
52,1,714
90,1,726
99,1,1383
49,1,740
35,1,739
23,1,908
77,1,304
15,1,1029
95,1,978
31,1,87
39,1,821
71,1,375
67,1,1335
83,1,294
62,1,1064
37,1,135
61,1,1364
82,1,950
97,1,144
17,1,556
56,1,460
81,1,65
20,1,518
64,1,1042
13,1,471
16,1,401
95,1,654
20,1,821
82,1,1262
17,1,950
29,1,72
54,1,788
2,1,1440
40,1,1336
5,1,546
84,1,422
10,1,583
69,1,489
67,1,663
68,1,1346
36,1,57
78,1,403
31,1,428
6,1,264
5,1,182
34,1,1382
47,1,360
60,1,106
91,1,418
25,1,548
30,1,674
57,1,419
16,1,1291
84,1,1329
2,1,457
1,1,1327
15,1,905
17,1,1084
44,1,376
31,1,1243
59,1,1199
21,1,793
95,1,1225
61,1,1419
57,1,907
53,1,741
34,1,858
92,1,315
57,1,982
12,1,1068
4,1,64
24,1,142
28,1,734
73,1,968
49,1,643
29,1,1304
47,1,249
92,1,1362
69,1,888
88,1,106
77,1,1142
66,1,541
21,1,1270
39,1,364
30,1,51
43,1,434
49,1,561
8,1,865
69,1,1123
89,1,1304
79,1,843
69,1,211
14,1,546
62,1,860
68,1,1273
96,1,681
99,1,1292
34,1,800
9,1,339
16,1,722
31,1,5
14,1,664
28,1,94
78,1,85
84,1,1304
94,1,1293
41,1,131
85,1,1117
63,1,1348
95,1,785
55,1,577
97,1,85
96,1,1212
37,1,1229
85,1,485
91,1,17
89,1,650
58,1,179
74,1,306
26,1,1428
80,1,1181
72,1,606
66,1,1396
32,1,1045
30,1,535
23,1,834
78,1,108
76,1,554
6,1,556
65,1,817
36,1,968
42,1,41
1,1,1048
18,1,541
35,1,816
88,1,1134
1,1,1085
14,1,1044
50,1,295
11,1,61
41,1,754
69,1,1300
89,1,1049
47,1,40
27,1,777
35,1,552
91,1,632
72,1,85
64,1,673
88,1,315
80,1,1418
100,1,165
27,1,495
29,1,1323
11,1,286
36,1,815
71,1,1142
7,1,1313
49,1,609
40,1,117
40,1,356
77,1,336
35,1,726
20,1,1165
10,1,486
43,1,761
90,1,1402
59,1,453
98,1,944
79,1,1240
78,1,830
59,1,338
4,1,290
91,1,863
65,1,47
11,1,1413
76,1,871
64,1,1379
22,1,417
94,1,1236
49,1,475
82,1,858
49,1,271
78,1,201
51,1,430
32,1,1382
74,1,493
44,1,542
92,1,1142
65,1,474
55,1,1150
54,1,1066
89,1,1210
71,1,465
42,1,864
43,1,731
80,1,1293
63,1,1261
10,1,822
80,1,987
54,1,1376
22,1,411
34,1,517
15,1,623
99,1,191
71,1,1418
61,1,1070
100,1,1152
30,1,247
6,1,1318
75,1,136
79,1,626
100,1,781
86,1,996
100,1,891
30,1,582
84,1,583
8,1,1430
34,1,382
41,1,810
54,1,1332
76,1,204
37,1,244
68,1,115
6,1,474
95,1,1146
17,1,1013
92,1,64
72,1,665
72,1,466
63,1,901
22,1,156
69,1,1291
6,1,813
80,1,511
28,1,514
74,1,74
60,1,888
12,1,499
81,1,692
96,1,1249
79,1,1206
84,1,50
68,1,461
3,1,402
62,1,745
52,1,135
30,1,548
65,1,845
28,1,1075
6,1,1255
20,1,547
36,1,100
95,1,1385
70,1,1335
100,1,1230
80,1,1112
99,1,867
37,1,637
69,1,1261
43,1,732
27,1,1344
97,1,114
25,1,1311
94,1,1313
2,1,1109
68,1,1038
9,1,587
68,1,897
9,1,676
93,1,279
75,1,1245
7,1,1353
5,1,135
42,1,329
82,1,366
62,1,1379
94,1,1207
5,1,612
11,1,773
43,1,137
56,1,1086
87,1,674
63,1,332
43,1,712
28,1,661
52,1,568
99,1,275
54,1,540
73,1,721
6,1,521
94,1,970
26,1,1120
26,1,860
88,1,770
20,1,60
68,1,358
45,1,982
63,1,1320
72,1,648
15,1,725
13,1,896
13,1,925
13,1,208
81,1,556
47,1,804
3,1,976
42,1,133
58,1,1400
98,1,880
20,1,1125
98,1,1328
77,1,629
76,1,269
65,1,679
38,1,1278
50,1,1040
64,1,593
36,1,195
10,1,310
71,1,220
38,1,552
18,1,632
21,1,1125
32,1,803
94,1,607
54,1,1383
37,1,1001
70,1,1374
87,1,224
58,1,563
9,1,34
88,1,207
1,1,575
6,1,1125
4,1,69
57,1,830
94,1,1367
12,1,1151
39,1,924
43,1,226
71,1,370
62,1,182
78,1,920
28,1,80
18,1,337
41,1,1078
32,1,88
93,1,387
100,1,1310
81,1,815
4,1,38
99,1,953
99,1,1187
73,1,256
10,1,1294
71,1,843
77,1,384
18,1,911
77,1,1229
56,1,1196
52,1,1055
82,1,643
18,1,1373
38,1,1422
96,1,473
83,1,489
59,1,883
42,1,24
78,1,78
63,1,1177
78,1,23
91,1,1120
65,1,1117
100,1,1010
73,1,1397
20,1,907
33,1,54
28,1,116
82,1,563
2,1,623
40,1,740
18,1,675
40,1,789
8,1,1440
83,1,83
24,1,1099
16,1,101
62,1,410
56,1,211
70,1,112
71,1,832
91,1,1177
27,1,202
34,1,1233
90,1,269
79,1,156
56,1,1207
99,1,1136
52,1,504
44,1,150
70,1,882
32,1,112
63,1,55
96,1,625
84,1,524
64,1,933
34,1,454
38,1,548
38,1,1319
78,1,501
57,1,923
24,1,741
51,1,300
69,1,993
49,1,630
79,1,438
39,1,213
25,1,1263
33,1,1200
29,1,617
8,1,204
74,1,601
90,1,603
65,1,1077
39,1,1337
47,1,253
21,1,563
95,1,967
81,1,681
19,1,1209
80,1,1169
42,1,863
95,1,630
79,1,8
32,1,687
68,1,1195
61,1,133
51,1,734
28,1,1416
62,1,61
59,1,462
51,1,757
98,1,993
42,1,276
4,1,121
31,1,330
62,1,173
34,1,1085
70,1,311
23,1,1407
81,1,959
41,1,37
81,1,1101
21,1,1374
20,1,1435
64,1,784
19,1,621
57,1,60
54,1,324
48,1,583
78,1,107
65,1,573
81,1,458
21,1,998
9,1,546
29,1,713
60,1,824
82,1,1435
61,1,1235
83,1,860
5,1,1359
74,1,147
81,1,586
100,1,508
96,1,605
37,1,1269
6,1,1120
76,1,1199
22,1,992
51,1,367
4,1,538
19,1,19
68,1,455
60,1,1289
67,1,902
27,1,962
74,1,31
8,1,383
63,1,285
60,1,972
26,1,4
47,1,350
77,1,615
51,1,791
24,1,382
44,1,849
45,1,1366
49,1,390
70,1,150
48,1,672
23,1,1314
3,1,275
66,1,835
26,1,994
89,1,1195
20,1,1104
61,1,467
33,1,154
8,1,911
82,1,351
8,1,168
33,1,1185
79,1,1241
40,1,1188
3,1,496
81,1,784
76,1,936
97,1,75
92,1,1390
8,1,1213
33,1,768
43,1,1434
66,1,3
93,1,1175
90,1,759
93,1,421
48,1,227
92,1,651
14,1,1145
54,1,138
93,1,902
9,1,651
95,1,720
11,1,656
29,1,607
69,1,781
54,1,1147
41,1,1272
19,1,1167
47,1,309
77,1,724
60,1,457
99,1,356
25,1,323
32,1,582
77,1,682
74,1,1277
95,1,1369
85,1,428
36,1,169
80,1,1099
17,1,271
1,1,1013
95,1,388
12,1,648
15,1,1002
100,1,1371
59,1,931
25,1,1386
85,1,391
2,1,1219
22,1,583
82,1,1226
91,1,1116
16,1,568
44,1,1207
67,1,959
72,1,620
68,1,570
95,1,568
69,1,884
48,1,778
59,1,863
97,1,874
5,1,1262
74,1,1085
95,1,1045
14,1,197
62,1,1311
27,1,666
51,1,373
37,1,600
70,1,293
92,1,722
44,1,1366
32,1,613
75,1,636
91,1,1043
24,1,861
31,1,872
99,1,355
70,1,1089
50,1,1191
41,1,874
87,1,1239
46,1,693
52,1,82
54,1,902
72,1,491
48,1,1377
89,1,206
89,1,1003
19,1,1357
14,1,1127
76,1,1091
76,1,482
39,1,357
10,1,610
71,1,284
27,1,1084
62,1,166
11,1,954
63,1,737
25,1,1413
54,1,187
41,1,51
95,1,261
3,1,334
32,1,412
32,1,1289
34,1,363
66,1,1264
36,1,188
6,1,134
56,1,1162
15,1,625
6,1,13
95,1,163
64,1,696
71,1,1244
14,1,653
100,1,340
78,1,1142
39,1,422
23,1,593
66,1,500
77,1,1248
21,1,65
27,1,1059
68,1,931
78,1,10
72,1,1378
28,1,24
7,1,228
26,1,1344
30,1,662
59,1,68
49,1,28
80,1,809
25,1,209
5,1,1084
89,1,1398
30,1,714
44,1,685
94,1,31
67,1,517
30,1,1183
40,1,1262
27,1,967
30,1,655
56,1,748
49,1,27
68,1,1208
16,1,1182
26,1,818
10,1,616
100,1,926
9,1,503
53,1,658
83,1,1369
57,1,147
77,1,825
4,1,522
99,1,30
69,1,1281
61,1,1426
23,1,889
68,1,76
100,1,715
21,1,98
63,1,45
63,1,1213
41,1,859
30,1,51
74,1,857
36,1,126
35,1,1003
63,1,69
30,1,905
94,1,592
91,1,1367
63,1,813
96,1,1282
46,1,352
98,1,716
87,1,663
1,1,292
3,1,864
70,1,245
75,1,795
67,1,869
36,1,561
5,1,188
51,1,6
9,1,88
64,1,45
7,1,551
62,1,1334
92,1,851
46,1,657
98,1,995
7,1,354
85,1,220
43,1,99
69,1,1330
91,1,508
47,1,903
91,1,1156
74,1,545
20,1,96
98,1,461
82,1,507
64,1,250
20,1,622
7,1,1209
31,1,1308
57,1,161
29,1,581
30,1,1314
10,1,188
28,1,1379
24,1,816
56,1,1083
50,1,35
16,1,700
96,1,324
62,1,203
60,1,374
89,1,681
72,1,23
71,1,298
13,1,569
34,1,1084
69,1,1388
97,1,419
85,1,1420
5,1,450
82,1,116
57,1,129
43,1,63
25,1,1213
81,1,1010
40,1,399
34,1,774
55,1,405
73,1,555
1,1,714
68,1,1285
71,1,403
27,1,1297
82,1,1114
8,1,1354
68,1,422
2,1,553
49,1,1327
72,1,97
60,1,1393
24,1,870
15,1,84
100,1,1204
50,1,1302
21,1,997
30,1,915
83,1,230
31,1,361
93,1,1152
55,1,719
75,1,11
44,1,852
67,1,1046
56,1,1064
91,1,6
36,1,1024
8,1,888
41,1,1382
12,1,421
69,1,493
19,1,1393
36,1,1220
32,1,906
87,1,31
42,1,443
11,1,93
66,1,93
68,1,1393
22,1,177
31,1,901
28,1,215
29,1,1078
73,1,1275
9,1,486
77,1,881
82,1,155
75,1,1039
59,1,962
75,1,113
25,1,70
56,1,564
4,1,905
35,1,922
19,1,174
67,1,677
47,1,1040
30,1,1359
93,1,593
8,1,68
25,1,94
88,1,875
82,1,862
7,1,196
35,1,245
90,1,536
13,1,1358
21,1,914
14,1,858
68,1,978
75,1,734
28,1,987
83,1,434
92,1,298
18,1,467
6,1,661
56,1,268
50,1,324
43,1,177
56,1,171
78,1,449
2,1,322
31,1,1020
89,1,311
18,1,397
87,1,817
99,1,1020
15,1,279
22,1,452
40,1,246
74,1,169
9,1,227
77,1,1262
11,1,1033
42,1,214
74,1,858
45,1,1113
9,1,337
73,1,1225
6,1,434
5,1,235
16,1,99
73,1,894
71,1,475
33,1,131
89,1,1135
73,1,1242
4,1,1003
73,1,584
33,1,877
82,1,673
13,1,1097
29,1,927
2,1,737
23,1,219
10,1,1200
39,1,1113
6,1,748
94,1,725
1,1,548
76,1,120
49,1,544
50,1,1003
90,1,936
40,1,1107
54,1,873
84,1,143
97,1,428
91,1,762
17,1,1159
17,1,1337
37,1,1028
23,1,1167
44,1,376
85,1,1398
64,1,732
53,1,60
3,1,105
37,1,1056
11,1,507
36,1,841
26,1,408
75,1,530
65,1,1129
9,1,319
45,1,1256
4,1,242
76,1,1041
9,1,162
49,1,1158
6,1,1360
82,1,617
58,1,861
53,1,1152
80,1,1040
31,1,1246
59,1,713
82,1,630
28,1,23
18,1,535
73,1,393
99,1,1106
37,1,1372
50,1,1124
82,1,939
25,1,442
61,1,298
43,1,1136
91,1,130
68,1,7
42,1,953
76,1,451
69,1,305
3,1,603
75,1,1083
15,1,1149
48,1,667
87,1,609
45,1,809
84,1,1373
76,1,482
6,1,187
78,1,653
58,1,564
93,1,1315
77,1,949
53,1,1089
9,1,1400
60,1,328
27,1,162
99,1,634
35,1,822
18,1,474
12,1,878
38,1,612
55,1,1219
43,1,48
99,1,379
8,1,1431
53,1,647
23,1,441
78,1,168
49,1,351
78,1,684
78,1,165
16,1,668
94,1,956
8,1,895
42,1,218
82,1,532
99,1,1053
9,1,1223
97,1,1112
14,1,1321
9,1,830
84,1,1377
5,1,1279
44,1,647
14,1,262
86,1,882
92,1,1059
19,1,52
35,1,338
3,1,188
3,1,1389
43,1,669
11,1,116
47,1,416
92,1,1235
9,1,754
58,1,88
81,1,798
76,1,827
51,1,703
31,1,938
65,1,240
80,1,872
1,1,399
66,1,248
6,1,15
59,1,1354
1,1,1362
26,1,124
81,1,263
62,1,455
39,1,1198
36,1,224
24,1,14
66,1,1088
54,1,1322
50,1,708
34,1,1020
58,1,1427
24,1,526
56,1,1402
73,1,928
80,1,748
95,1,991
68,1,1052
23,1,831
94,1,80
84,1,32
9,1,541
80,1,1182
20,1,1000
100,1,636
77,1,1408
91,1,122
73,1,546
27,1,728
75,1,1297
46,1,1186
41,1,332
35,1,375
89,1,1403
59,1,1362
80,1,1082
13,1,1337
7,1,932
67,1,1194
70,1,1208
15,1,1162
2,1,100
65,1,128
43,1,919
35,1,371
89,1,433
4,1,1352
5,1,488
67,1,784
38,1,1436
100,1,46
78,1,1078
3,1,307
32,1,1370
85,1,1399
55,1,395
17,1,1190
79,1,852
81,1,650
44,1,786
1,1,1110
42,1,1140
8,1,1101
12,1,1147
98,1,480
79,1,391
37,1,1251
82,1,26
40,1,121
9,1,429
6,1,981
66,1,570
10,1,843
38,1,184
11,1,1174
6,1,1283
94,1,189
35,1,1091
62,1,394
71,1,533
73,1,31
26,1,1315
18,1,1154
98,1,946
24,1,1196
23,1,408
35,1,73
85,1,1381
3,1,345
34,1,630
17,1,1342
10,1,1125
52,1,89
14,1,1073
7,1,1428
17,1,1409
39,1,897
36,1,1280
32,1,347
11,1,694
43,1,301
74,1,552
41,1,57
76,1,380
49,1,547
66,1,1234
3,1,1030
15,1,1189
57,1,969
92,1,108
91,1,1295
62,1,615
34,1,927
40,1,10
21,1,1404
98,1,253
35,1,1296
66,1,183
61,1,159
8,1,729
96,1,647
59,1,1355
62,1,345
60,1,1108
85,1,1021
77,1,799
27,1,994
93,1,1297
10,1,109
19,1,536
75,1,1022
42,1,1089
56,1,138
76,1,1374
27,1,432
72,1,1066
96,1,1412
20,1,599
31,1,1073
80,1,1303
7,1,1341
11,1,439
40,1,1135
42,1,497
100,1,595
89,1,1159
36,1,1401
31,1,466
74,1,0
17,1,305
59,1,125
62,1,121
62,1,547
52,1,326
76,1,833
53,1,319
8,1,56
22,1,411
12,1,1136
44,1,1066
25,1,626
9,1,1068
41,1,787
40,1,601
20,1,0
45,1,663
96,1,115
43,1,727
32,1,895
54,1,878
3,1,1063
59,1,1167
28,1,1253
60,1,1370
45,1,143
56,1,849
99,1,467
7,1,688
47,1,927
32,1,568
71,1,640
26,1,879
100,1,1367
13,1,799
5,1,635
63,1,1362
81,1,1231
9,1,532
45,1,430
60,1,153
47,1,5
85,1,422
60,1,1066
31,1,974
41,1,896
81,1,51
49,1,381
26,1,1041
11,1,420
46,1,244
78,1,689
69,1,819
25,1,631
49,1,615
10,1,343
41,1,941
76,1,201
50,1,545
70,1,1088
7,1,316
5,1,1008
18,1,1188
81,1,790
6,1,481
97,1,498
66,1,123
47,1,1014
58,1,1289
70,1,1104
54,1,701
3,1,1346
33,1,70
91,1,187
8,1,799
13,1,8
52,1,76
46,1,710
62,1,1266
56,1,1082
65,1,798
98,1,411
68,1,630
49,1,191
58,1,5
46,1,326
13,1,188
11,1,1159
52,1,26
68,1,359
37,1,921
37,1,792
50,1,814
20,1,670
90,1,530
64,1,1014
2,1,577
68,1,1382
69,1,1005
24,1,1363
49,1,49
60,1,1194
78,1,937
51,1,89
67,1,687
87,1,88
52,1,1390
84,1,721
74,1,770
32,1,820
31,1,1270
73,1,1368
27,1,93
61,1,272
1,1,985
78,1,1239
96,1,772
98,1,1124
24,1,322
94,1,479
73,1,423
54,1,648
48,1,353
11,1,208
44,1,523
58,1,500
4,1,1238
32,1,990
17,1,1244
99,1,259
47,1,645
14,1,745
40,1,1190
75,1,670
75,1,67
86,1,682
6,1,270
28,1,986
27,1,68
66,1,1280
26,1,779
29,1,356
30,1,97
96,1,532
71,1,527
52,1,462
96,1,196
22,1,739
45,1,887
44,1,1323
67,1,750
58,1,34
71,1,1213
87,1,49
51,1,903
87,1,508
8,1,65
18,1,1376
24,1,176
94,1,699
22,1,62
20,1,851
93,1,828
73,1,1344
27,1,699
46,1,563
21,1,1338
29,1,774
69,1,61
81,1,1198
11,1,143
70,1,318
75,1,224
71,1,1202
78,1,855
57,1,1254
30,1,1403
22,1,1020
66,1,198
66,1,369
86,1,276
88,1,218
1,1,1209
87,1,927
36,1,367
37,1,59
6,1,107
64,1,58
18,1,290
26,1,684
64,1,83
97,1,490
12,1,184
25,1,420
38,1,1119
66,1,1293
1,1,1210
48,1,657
71,1,561
64,1,242
30,1,986
74,1,729
6,1,7
22,1,240
76,1,497
43,1,1033
84,1,830
10,1,1012
53,1,232
50,1,939
2,1,63
47,1,438
94,1,1422
80,1,698
58,1,691
41,1,706
98,1,1205
88,1,496
57,1,160
88,1,663
85,1,1056
88,1,50
46,1,141
7,1,572
2,1,849
8,1,1099
25,1,235
81,1,392
76,1,929
14,1,203
6,1,276
16,1,116
24,1,489
64,1,1160
62,1,846
95,1,506
89,1,896
100,1,1051
36,1,758
51,1,363
91,1,443
60,1,1017
90,1,1115
26,1,44
34,1,1224
94,1,1397
34,1,383
65,1,1050
28,1,1068
54,1,471
59,1,531
73,1,214
99,1,160
55,1,745
97,1,1342
37,1,852
10,1,1433
50,1,119
26,1,1264
12,1,567
40,1,657
68,1,715
21,1,980
23,1,908
45,1,228
100,1,956
26,1,1275
66,1,89
79,1,844
21,1,801
72,1,589
62,1,1222
85,1,1088
78,1,223
19,1,856
85,1,473
91,1,800
1,42,235
1,57,467
1,87,68
1,54,1248
1,72,947
1,98,1068
1,59,1412
1,22,797
1,27,704
1,7,393
1,29,230
1,67,464
1,16,397
1,2,1014
1,48,534
1,35,399
1,96,1074
1,7,498
1,61,774
1,56,794
1,77,404
1,89,204
1,42,249
1,79,1157
1,6,1222
1,92,715
1,1,103
1,18,1093
1,11,1061
1,39,1379
1,77,675
1,57,825
1,57,1390
1,69,1180
1,51,736
1,85,247
1,90,231
1,15,1271
1,49,567
1,36,465
1,64,835
1,46,1346
1,65,493
1,27,1224
1,68,505
1,41,598
1,91,1317
1,53,1129
1,86,185
1,85,380
1,34,1415
1,48,1378
1,37,174
1,81,455
1,28,208
1,29,560
1,32,158
1,5,396
1,45,889
1,91,442
1,75,984
1,13,1334
1,39,339
1,6,410
1,41,214
1,5,422
1,27,256
1,95,209
1,53,677
1,97,960
1,89,537
1,97,1023
1,100,775
1,55,1061
1,60,1394
1,83,929
1,21,817
1,69,519
1,24,1419
1,59,831
1,25,443
1,6,461
1,12,1094
1,13,904
1,68,310
1,75,217
1,81,851
1,79,1276
1,23,843
1,43,856
1,18,174
1,62,714
1,78,494
1,73,764
1,38,220
1,35,964
1,92,170
1,98,116
1,41,504
1,81,1298
1,64,533
1,36,821
1,80,1116
1,62,773
1,33,1054
1,44,573
1,70,178
1,72,971
1,72,1259
1,13,871
1,23,624
1,5,296
1,56,1285
1,60,1135
1,100,18
1,36,1376
1,5,867
1,19,943
1,83,1367
1,85,1335
1,90,11
1,53,194
1,92,889
1,66,748
1,19,267
1,20,1218
1,75,166
1,89,159
1,17,194
1,88,911
1,1,1152
1,77,588
1,52,707
1,41,1146
1,66,485
1,15,321
1,28,959
1,26,1268
1,72,855
1,3,927
1,94,1383
1,85,446
1,95,132
1,95,1380
1,36,1036
1,36,606
1,91,646
1,86,929
1,52,529
1,51,70
1,4,184
1,79,487
1,99,311
1,29,665
1,89,966
1,17,39
1,27,239
1,16,913
1,34,441
1,90,83
1,88,1144
1,78,490
1,97,193
1,94,1338
1,78,638
1,10,180
1,30,232
1,97,1365
1,78,122
1,25,59
1,16,723
1,56,1227
1,11,823
1,93,179
1,87,657
1,2,115
1,29,259
1,42,568
1,75,837
1,63,1305
1,99,833
1,16,530
1,96,24
1,38,424
1,9,683
1,80,1385
1,13,945
1,58,1412
1,58,878
1,42,941
1,8,1155
1,24,933
1,33,335
1,11,1117
1,31,782
1,66,1260
1,15,85
1,14,690
1,48,1380
1,39,293
1,99,389
1,69,375
1,20,712
1,48,1058
1,90,512
1,56,658
1,86,23
1,54,1008
1,41,248
1,56,201
1,82,957
1,54,738
1,16,845
1,86,661
1,17,1385
1,59,587
1,9,160
1,31,819
1,98,795
1,36,1004
1,58,1169
1,47,385
1,43,240
1,63,758
1,77,183
1,30,1305
1,64,1165
1,81,1292
1,87,942
1,92,445
1,77,1243
1,29,607
1,41,519
1,7,646
1,38,793
1,12,119
1,79,508
1,3,532
1,37,479
1,59,83
1,22,372
1,83,887
1,61,1236
1,71,1305
1,73,886
1,92,43
1,90,1411
1,92,541
1,5,941
1,51,444
1,11,564
1,16,1006
1,88,1420
1,49,594
1,39,1007
1,62,1037
1,75,685
1,39,62
1,67,487
1,69,243
1,30,1098
1,92,353
1,43,1305
1,71,415
1,85,293
1,57,779
1,53,1163
1,76,1295
1,12,851
1,85,953
1,52,1040
1,94,668
1,97,1276
1,25,1067
1,50,663
1,54,336
1,55,634
1,31,1022
1,41,939
1,67,625
1,8,317
1,43,1353
1,14,166
1,3,883
1,20,715
1,35,1065
1,51,475
1,7,749
1,93,442
1,34,1081
1,49,40
1,15,573
1,20,122
1,38,1125
1,88,1336
1,79,343
1,81,563
1,41,1273
1,6,254
1,91,1090
1,100,1298
1,34,638
1,44,1067
1,14,762
1,21,823
1,66,598
1,7,129
1,42,566
1,78,940
1,49,583
1,92,958
1,18,32
1,83,1030
1,38,1336
1,61,1059
1,60,42
1,27,1081
1,78,992
1,18,777
1,11,865
1,58,641
1,43,897
1,55,668
1,62,672
1,71,399
1,66,1345
1,93,96
1,5,893
1,79,71
1,35,186
1,65,900
1,41,1272
1,23,154
1,45,1015
1,99,1348
1,51,1256
1,8,133
1,57,235
1,86,550
1,72,266
1,50,373
1,74,1392
1,8,343
1,49,580
1,87,1232
1,45,1260
1,92,314
1,11,1331
1,51,953
1,10,265
1,26,723
1,37,1359
1,74,1415
1,56,266
1,57,371
1,28,1415
1,94,105
1,97,1374
1,95,59
1,53,703
1,80,1152
1,93,718
1,100,1191
1,16,72
1,44,1411
1,46,762
1,48,696
1,81,1357
1,6,937
1,78,413
1,85,201
1,24,333
1,55,149
1,54,533
1,27,261
1,86,78
1,95,563
1,62,565
1,64,442
1,2,572
1,35,181
1,74,59
1,46,792
1,97,1435
1,23,307
1,60,43
1,64,760
1,13,243
1,8,433
1,49,1334
1,68,348
1,98,939
1,56,979
1,91,1127
1,53,535
1,29,1179
1,11,335
1,60,696
1,53,811
1,43,1072
1,72,323
1,56,15
1,14,965
1,28,904
1,49,879
1,69,971
1,5,1195
1,15,862
1,93,537
1,69,541
1,11,22
1,89,1112
1,100,237
1,79,1042
1,36,959
1,91,536
1,78,891
1,35,996
1,7,1391
1,2,256
1,76,1433
1,64,348
1,11,1052
1,28,750
1,35,449
1,39,193
1,76,273
1,52,793
1,6,755
1,29,1271
1,89,1357
1,45,625
1,95,56
1,65,1311
1,49,856
1,30,826
1,40,1233
1,83,258
1,69,1395
1,21,1006
1,32,958
1,21,48
1,27,1429
1,90,165
1,47,323
1,79,317
1,92,1193
1,77,623
1,49,979
1,98,984
1,83,238
1,89,1318
1,85,1345
1,10,1065
1,29,898
1,9,1146
1,24,908
1,33,62
1,68,496
1,12,637
1,47,149
1,47,1352
1,27,1405
1,95,717
1,6,117
1,85,326
1,94,322
1,13,680
1,68,361
1,39,1003
1,93,194
1,82,501
1,2,85
1,32,583
1,24,1173
1,56,21
1,20,834
1,50,1352
1,68,288
1,69,120
1,6,1340
1,41,1219
1,5,409
1,76,1064
1,38,759
1,53,1343
1,100,411
1,36,960
1,38,947
1,51,1001
1,12,1404
1,83,300
1,77,1019
1,27,9
1,34,1315
1,54,817
1,56,968
1,53,737
1,45,713
1,95,831
1,15,760
1,19,430
1,13,324
1,65,507
1,73,941
1,13,406
1,82,1430
1,36,543
1,55,1221
1,69,1049
1,26,1040
1,100,208
1,21,417
1,60,471
1,63,75
1,23,1069
1,86,416
1,46,448
1,48,1271
1,24,1127
1,82,374
1,26,1064
1,29,86
1,91,339
1,66,637
1,32,871
1,22,213
1,18,1213
1,92,557
1,10,982
1,3,1438
1,63,869
1,7,1243
1,56,812
1,50,66
1,68,1308
1,22,717
1,63,87
1,50,1247
1,54,838
1,91,1250
1,86,326
1,34,625
1,50,651
1,18,742
1,98,1343
1,1,946
1,32,833
1,9,994
1,81,43
1,12,610
1,45,904
1,50,857
1,100,1344
1,69,182
1,48,804
1,93,165
1,25,1400
1,65,149
1,35,441
1,9,1280
1,7,1256
1,90,1138
1,61,1167
1,86,1268
1,6,1420
1,69,974
1,5,169
1,48,991
1,6,1070
1,63,91
1,99,711
1,47,1280
1,63,99
1,66,907
1,93,1255
1,10,1329
1,45,981
1,73,429
1,64,1273
1,34,982
1,99,131
1,77,299
1,6,1203
1,89,948
1,40,464
1,63,833
1,43,119
1,95,197
1,72,183
1,20,72
1,49,770
1,86,542
1,67,904
1,16,731
1,19,925
1,97,819
1,49,106
1,96,737
1,52,191
1,37,190
1,50,21
1,9,1216
1,37,1249
1,19,1317
1,81,841
1,41,720
1,27,1397
1,69,1093
1,42,1362
1,46,156
1,87,764
1,18,208
1,60,347
1,38,200
1,80,1107
1,31,621
1,56,298
1,48,1303
1,30,38
1,92,154
1,47,1403
1,56,443
1,9,32
1,21,1025
1,41,480
1,85,971
1,73,351
1,24,1045
1,75,1439
1,74,1051
1,45,978
1,48,275
1,31,1427
1,42,545
1,30,902
1,73,400
1,67,465
1,23,107
1,98,1149
1,100,847
1,90,173
1,55,770
1,8,284
1,33,26
1,98,652
1,93,576
1,23,1276
1,9,375
1,19,1401
1,73,1283
1,94,584
1,48,1440
1,95,1364
1,56,51
1,56,398
1,67,812
1,57,1066
1,81,159
1,64,1010
1,92,1168
1,14,981
1,3,193
1,61,574
1,81,1363
1,4,787
1,99,848
1,21,1143
1,58,345
1,89,791
1,90,1428
1,10,580
1,92,162
1,53,1369
1,86,777
1,94,815
1,11,87
1,49,474
1,78,9
1,35,266
1,68,1172
1,74,931
1,22,646
1,16,1440
1,15,1273
1,31,1142
1,41,131
1,48,144
1,83,1201
1,48,382
1,86,263
1,85,159
1,86,938
1,94,355
1,94,524
1,22,105
1,76,242
1,55,875
1,36,893
1,2,597
1,28,812
1,41,214
1,52,967
1,12,956
1,61,1016
1,10,1287
1,73,733
1,21,239
1,8,109
1,41,498
1,77,489
1,91,330
1,80,1293
1,52,327
1,41,1323
1,35,507
1,36,975
1,9,187
1,89,1066
1,8,974
1,14,1087
1,97,313
1,37,1433
1,68,1005
1,6,90
1,42,180
1,93,749
1,56,1337
1,24,1020
1,27,662
1,36,1301
1,73,469
1,87,253
1,49,203
1,56,1075
1,31,983
1,13,976
1,26,226
1,39,808
1,82,262
1,8,587
1,34,1352
1,46,323
1,100,1126
1,91,1140
1,75,134
1,67,1022
1,5,1295
1,70,464
1,42,306
1,63,1275
1,77,710
1,57,435
1,2,374
1,83,452
1,66,283
1,95,324
1,95,218
1,48,1073
1,25,44
1,63,348
1,96,241
1,61,991
1,23,858
1,47,967
1,84,655
1,29,41
1,45,153
1,39,249
1,99,478
1,88,64
1,88,945
1,97,75
1,98,1176
1,39,575
1,90,769
1,88,518
1,59,1308
1,55,488
1,53,90
1,35,1159
1,81,222
1,45,195
1,75,362
1,4,1349
1,71,27
1,33,1421
1,51,380
1,71,230
1,40,1357
1,90,989
1,92,598
1,23,748
1,10,997
1,98,1438
1,45,386
1,60,843
1,44,801
1,58,949
1,99,703
1,98,837
1,60,160
1,100,25
1,33,263
1,65,287
1,51,1077
1,48,646
1,21,541
1,33,701
1,96,753
1,78,1039
1,26,173
1,17,562
1,97,244
1,71,985
1,63,712
1,28,390
1,24,1322
1,98,548
1,32,160
1,78,971
1,44,1294
1,7,1174
1,52,587
1,33,579
1,35,952
1,18,878
1,3,848
1,27,1
1,22,443
1,100,584
1,33,329
1,65,182
1,50,919
1,29,851
1,34,447
1,12,608
1,51,969
1,7,787
1,10,399
1,71,145
1,52,1067
1,14,386
1,80,325
1,61,1263
1,52,1284
1,90,767
1,23,874
1,95,133
1,18,675
1,67,889
1,45,1240
1,39,574
1,75,1290
1,27,802
1,98,1432
1,6,1155
1,90,1351
1,45,1033
1,60,1221
1,36,51
1,55,227
1,4,12
1,70,1050
1,59,48
1,81,215
1,70,875
1,48,124
1,63,1033
1,76,736
1,7,989
1,89,662
1,58,1351
1,37,629
1,3,127
1,19,14
1,6,793
1,60,1008
1,77,1358
1,50,899
1,90,795
1,54,577
1,90,87
1,50,1189
1,54,502
1,8,206
1,18,875
1,28,779
1,17,461
1,40,1131
1,13,483
1,96,1247
1,78,273
1,24,652
1,4,596
1,74,458
1,6,1057
1,98,191
1,47,1049
1,54,958
1,39,695
1,70,580
1,45,352
1,74,154
1,13,127
1,58,413
1,52,1273
1,12,286
1,45,1354
1,4,304
1,6,357
1,92,385
1,86,1339
1,67,1406
1,13,783
1,33,858
1,100,252
1,22,656
1,27,1387
1,93,367
1,44,592
1,11,70
1,78,1440
1,50,1399
1,48,1118
1,43,1326
1,60,735
1,57,1375
1,50,87
1,90,249
1,36,1120
1,23,610
1,13,18
1,2,570
1,9,1133
1,63,1238
1,81,894
1,39,1293
1,56,1025
1,59,660
1,78,780
1,69,436
1,91,406
1,66,1256
1,73,14
1,92,938
1,49,1057
1,24,1088
1,26,1242
1,45,205
1,10,862
1,68,579
1,43,807
1,4,15
1,49,1382
1,34,93
1,30,544
1,50,747
1,11,417
1,58,798
1,1,903
1,23,323
1,68,1093
1,36,368
1,51,56
1,67,1077
1,17,1131
1,42,647
1,62,633
1,70,852
1,32,555
1,28,340
1,88,1094
1,44,122
1,26,997
1,43,913
1,22,794
1,20,1340
1,58,1284
1,96,112
1,50,1379
1,60,1348
1,13,137
1,54,515
1,69,969
1,93,712
1,35,1104
1,99,1143
1,54,372
1,38,403
1,8,106
1,98,207
1,13,843
1,24,774
1,42,75
1,98,268
1,63,1012
1,73,287
1,18,1356
1,85,1312
1,93,627
1,3,424
1,51,715
1,9,262
1,33,7
1,4,16
1,32,385
1,83,945
1,48,1042
1,64,594
1,15,921
1,7,1168
1,96,953
1,40,676
1,93,146
1,11,731
1,19,678
1,49,658
1,67,1009
1,25,1281
1,11,964
1,1,198
1,81,1304
1,49,914
1,3,322
1,49,645
1,51,753
1,54,133
1,38,957
1,86,101
1,71,690
1,90,1190
1,79,1422
1,15,52
1,75,63
1,38,55
1,18,1360
1,42,466
1,95,225
1,3,1360
1,63,1097
1,27,516
1,84,1094
1,71,27
1,24,1117
1,46,290
1,16,38
1,82,712
1,2,851
1,60,413
1,69,251
1,31,48
1,50,292
1,11,1243
1,6,1432
1,23,873
1,70,170
1,43,1344
1,94,637
1,96,881
1,66,437
1,19,11
1,42,1170
1,66,645
1,3,271
1,24,1260
1,31,950
1,20,1208
1,15,130
1,84,1227
1,37,454
1,82,455
1,28,469
1,77,864
1,76,964
1,80,1090
1,100,765
1,61,630
1,60,992
1,17,866
1,49,1013
1,11,1108
1,46,1374
1,3,500
1,85,365
1,16,518
1,62,1103
1,29,759
1,12,456
1,33,456
1,45,642
1,31,231
1,48,1214
1,75,1374
1,92,935
1,39,1047
1,11,10
1,31,810
1,5,469
1,93,733
1,84,332
1,15,954
1,62,1187
1,59,1102
1,72,121
1,72,165
1,84,1114
1,68,1271
1,44,1262
1,31,443
1,21,393
1,25,959
1,8,741
1,78,2
1,58,48
1,25,859
1,38,292
1,8,492
1,25,1299
1,36,1249
1,82,1427
1,63,1375
1,67,555
1,87,345
1,70,70
1,12,1109
1,11,682
1,48,413
1,24,1093
1,100,682
1,23,727
1,20,455
1,35,587
1,65,32
1,95,1124
1,60,1407
1,89,475
1,91,260
1,79,994
1,10,204
1,46,521
1,75,546
1,19,1389
1,95,972
1,51,1427
1,56,445
1,6,1087
1,82,171
1,2,146
1,27,1421
1,65,1036
1,30,303
1,86,1311
1,97,1388
1,41,757
1,71,1085
1,54,422
1,3,148
1,38,424
1,2,1342
1,20,529
1,82,1190
1,20,1370
1,48,212
1,66,1383
1,27,346
1,48,949
1,86,1054
1,96,1094
1,41,955
1,42,913
1,96,751
1,93,1407
1,46,818
1,18,1415
1,4,1189
1,35,959
1,1,123
1,5,1039
1,98,166
1,51,137
1,100,798
1,79,245
1,35,77
1,45,624
1,12,354
1,41,413
1,38,683
1,67,61
1,63,331
1,38,973
1,34,277
1,41,262
1,55,581
1,15,953
1,49,576
1,4,1196
1,18,922
1,23,1301
1,10,757
1,1,15
1,68,226
1,10,694
1,10,892
1,62,161
1,35,1047
1,41,709
1,76,372
1,7,493
1,9,832
1,26,759
1,66,282
1,20,242
1,100,767
1,59,636
1,6,18
1,97,157
1,21,195
1,22,332
1,74,1348
1,52,11
1,48,692
1,70,954
1,37,814
1,49,1401
1,20,1422
1,4,54
1,11,1158
1,84,1410
1,8,1137
1,66,481
1,28,1174
1,77,734
1,83,567
1,62,1224
1,60,1363
1,27,1337
1,78,1193
1,37,360
1,23,978
1,57,761
1,65,243
1,81,183
1,9,361
1,12,14
1,37,562
1,86,363
1,6,404
1,37,1262
1,80,997
1,66,1012
1,86,80
1,59,1276
1,22,817
1,78,456
1,66,504
1,2,553
1,17,1208
1,31,876
1,4,973
1,68,1338
1,30,745
1,10,1152
1,45,1294
1,52,1416
1,89,540
1,29,932
1,49,158
1,62,839
1,59,182
1,92,510
1,3,520
1,11,693
1,72,730
1,32,732
1,76,276
1,85,805
1,49,62
1,7,83
1,52,212
1,79,77
1,27,740
1,79,93
1,77,19
1,30,770
1,7,1
1,14,307
1,77,386
1,20,872
1,96,637
1,13,48
1,100,1337
1,26,1245
1,6,85
1,57,13
1,90,1141
1,72,1160
1,55,1176
1,21,315
1,67,54
1,100,1304
1,46,1100
1,49,237
1,23,1328
1,67,914
1,88,1114
1,46,1143
1,71,218
1,38,31
1,35,221
1,48,465
1,11,953
1,34,517
1,46,1252
1,9,1367
1,17,962
1,69,723
1,49,1226
1,55,21
1,32,981
1,52,325
1,61,886
1,78,768
1,48,1085
1,64,1384
1,20,1327
1,54,1019
1,79,398
1,29,557
1,34,525
1,30,582
1,46,936
1,1,80
1,84,1154
1,18,55
1,59,125
1,14,135
1,92,283
1,95,606
1,41,1435
1,89,1213
1,87,620
1,20,279
1,30,1255
1,89,1407
1,100,1035
1,19,67
1,67,1373
1,18,1198
1,64,665
1,21,282
1,91,482
1,65,1347
1,31,1364
1,63,279
1,75,1208
1,65,453
1,93,812
1,72,339
1,63,298
1,75,755
1,81,826
1,98,76
1,47,1151
1,79,188
1,20,1325
1,99,236
1,46,755
1,89,269
1,91,57
1,34,287
1,9,571
1,65,724
1,71,310
1,49,982
1,19,704
1,64,336
1,27,316
1,5,544
1,33,1066
1,9,196
1,30,562
1,35,269
1,3,1308
1,96,745
1,21,415
1,36,630
1,23,504
1,4,1396
1,71,1023
1,7,738
1,48,642
1,44,547
1,73,345
1,42,237
1,52,1217
1,81,1372
1,97,932
1,7,631
1,46,337
1,25,626
1,44,752
1,15,217
1,38,1111
1,98,1
1,39,1348
1,31,430
1,4,1093
1,3,734
1,79,1399
1,89,317
1,30,106
1,89,492
1,7,209
1,65,1071
1,27,604
1,75,27
1,22,1113
1,16,944
1,67,772
1,38,481
1,39,405
1,96,1186
1,28,496
1,93,676
1,58,331
1,64,1056
1,42,1328
1,65,1348
1,73,1327
1,2,70
1,38,476
1,93,782
1,95,1078
1,45,501
1,88,936
1,12,593
1,62,635
1,15,450
1,2,1421
1,51,519
1,86,269
1,85,1168
1,2,621
1,92,402
1,91,805
1,29,329
1,98,626
1,12,846
1,92,734
1,4,1263
1,11,1095
1,4,220
1,40,763
1,51,14
1,51,903
1,81,388
1,85,527
1,87,39
1,53,47
1,40,1313
1,46,1410
1,63,806
1,89,703
1,10,99
1,32,209
1,17,279
1,35,809
1,44,4
1,31,1422
1,16,736
1,62,443
1,52,1113
1,9,194
1,86,499
1,63,935
1,10,940
1,58,151
1,71,986
1,45,921
1,82,94
1,62,1006
1,7,1030
1,67,1250
1,85,921
1,1,1335
1,31,1117
1,86,1374
1,8,599
1,5,568
1,30,475
1,98,1291
1,40,1034
1,79,922
1,64,1298
1,6,1046
1,98,419
1,74,364
1,76,1051
1,21,28
1,98,1116
1,37,1190
1,78,709
1,16,1362
1,11,1383
1,45,1118
1,82,279
1,14,631
1,52,411
1,53,414
1,98,303
1,34,113
1,18,129
1,74,624
1,92,153
1,80,1208
1,61,9
1,63,353
1,8,1347
1,98,1205
1,98,1386
1,74,1136
1,5,861
1,58,296
1,49,48
1,39,1370
1,27,545
1,37,506
1,60,1331
1,7,486
1,65,549
1,69,1127
1,87,1434
1,38,236
1,59,1369
1,12,552
1,4,827
1,81,285
1,92,876
1,69,293
1,6,12
1,92,738
1,13,659
1,63,1029
1,29,920
1,14,886
1,78,76
1,13,339
1,27,1394
1,59,73
1,32,592
1,27,292
1,59,243
1,62,1379
1,8,1409
1,56,1012
1,95,868
1,33,1127
1,52,1379
1,53,31
1,100,533
1,16,1064
1,71,1016
1,89,1295
1,72,625
1,85,945
1,67,168
1,11,762
1,25,563
1,52,345
1,56,765
1,70,1032
1,36,983
1,55,1233
1,5,982
1,18,193
1,33,1005
1,46,17
1,12,384
1,29,647
1,75,940
1,1,564
1,41,1138
1,68,1412
1,39,905
1,2,724
1,34,807
1,24,324
1,86,666
1,58,963
1,10,121
1,94,744
1,1,1150
1,71,690
1,76,1354
1,17,1345
1,1,1215
1,82,1251
1,7,798
1,59,998
1,86,1246
1,88,1378
1,12,1268
1,40,578
1,56,451
1,65,102
1,68,669
1,84,1430
1,2,1363
1,13,1168
1,46,678
1,15,1060
1,25,1424
1,68,883
1,82,907
1,19,1033
1,3,1337
1,87,1416
1,17,792
1,68,24
1,75,94
1,58,26
1,35,1141
1,33,266
1,70,25
1,19,1414
1,39,153
1,26,852
1,35,862
1,66,606
1,73,777
1,51,153
1,89,813
1,95,1253
1,93,256
1,77,1267
1,60,1060
1,82,1271
1,96,1241
1,32,481
1,19,860
1,34,697
1,35,271
1,98,1214
1,68,761
1,45,872
1,44,474
1,96,137
1,3,108
1,16,313
1,19,750
1,70,655
1,72,1266
1,50,1071
1,93,634
1,49,1163
1,87,469
1,17,214
1,34,1261
1,46,59
1,37,559
1,42,1140
1,24,582
1,12,1073
1,76,856
1,37,898
1,86,390
1,14,124
1,45,1204
1,70,1208
1,84,332
1,94,237
1,22,938
1,51,411
1,47,1173
1,82,389
1,58,303
1,5,1298
1,43,1075
1,28,565
1,55,333
1,63,1012
1,32,1432
1,50,1148
1,94,78
1,10,275
1,23,1440
1,73,130
1,88,853
1,5,699
1,92,270
1,15,1006
1,87,1198
1,52,1305
1,15,725
1,81,97
1,36,1289
1,20,856
1,5,94
1,24,1083
1,73,1201
1,74,26
1,86,1176
1,16,722
1,17,53
1,45,901
1,61,1284
1,52,135
1,89,1373
1,17,503
1,23,371
1,74,475
1,18,1314
1,44,997
1,76,1371
1,9,580
1,24,924
1,58,1141
1,19,302
1,23,1386
1,68,951
1,21,933
1,6,118
1,28,762
1,57,1138
1,87,1000
1,72,364
1,54,1170
1,12,733
1,24,1058
1,12,729
1,2,410
1,82,428
1,65,26
1,49,392
1,7,396
1,16,675
1,100,1154
1,85,58
1,29,1337
1,3,1078
1,87,689
1,49,232
1,23,972
1,37,793
1,33,1256
1,62,1330
1,98,591
1,2,7
1,31,805
1,96,110
1,1,350
1,54,765
1,52,1117
1,100,1334
1,11,691
1,77,1366
1,18,218
1,1,1131
1,97,1083
1,54,758
1,55,108
1,83,199
1,88,572
1,77,340
1,54,36
1,94,883
1,82,1180
1,49,768
1,64,162
1,92,945
1,71,751
1,48,1088
1,67,384
1,51,31
1,39,226
1,62,523
1,35,370
1,34,1391
1,57,238
1,74,1106
1,67,1344
1,89,1210
1,13,742
1,17,1211
1,33,302
1,19,1391
1,6,839
1,68,310
1,39,1101
1,33,1420
1,31,718
1,1,373
1,12,496
1,92,4
1,7,453
1,64,102
1,25,1286
1,13,678
1,79,768
1,12,588
1,64,251
1,45,854
1,15,1162
1,45,272
1,61,1116
1,27,267
1,60,318
1,27,1261
1,1,209
1,52,902
1,21,774
1,79,426
1,35,206
1,54,191
1,88,348
1,36,259
1,95,462
1,54,489
1,62,202
1,72,1010
1,97,192
1,78,268
1,85,1264
1,8,1330
1,62,495
1,99,499
1,98,935
1,27,300
1,11,532
1,44,56
1,35,1306
1,84,41
1,58,11
1,19,68
1,50,932
1,47,524
1,16,542
1,42,31
1,43,883
1,85,3
1,14,878
1,90,396
1,17,166
1,61,437
1,81,135
1,43,1186
1,17,739
1,93,778
1,17,434
1,41,541
1,13,20
1,38,1052
1,44,751
1,90,1077
1,8,371
1,4,540
1,18,51
1,74,322
1,9,1156
1,56,999
1,87,1260
1,80,10
1,93,55
1,75,1198
1,7,838
1,2,813
1,83,765
1,5,1068
1,38,57
1,2,169
1,83,342
1,68,973
1,41,1159
1,26,1183
1,7,20
1,22,552
1,85,934
1,91,915
1,55,484
1,92,50
1,8,882
1,45,952
1,93,628
1,36,1078
1,17,737
1,86,1425
1,61,192
1,46,462
1,42,1357
1,35,53
1,6,549
1,81,1124
1,10,845
1,91,876
1,100,1009
1,78,904
1,65,469
1,75,663
1,93,795
1,69,521
1,89,775
1,71,1194
1,67,440
1,83,368
1,83,1369
1,84,183
1,59,234
1,36,593
1,87,174
1,18,208
1,54,664
1,20,1366
1,22,1438
1,82,368
1,24,928
1,35,1141
1,55,1261
1,65,1432
1,56,1165
1,37,1114
1,59,575
1,33,371
1,62,919
1,51,1045
1,98,1088
1,32,1364
1,46,560
1,70,861
1,20,418
1,51,861
1,16,1129
1,72,1429
1,17,657
1,52,358
1,67,33
1,88,222
1,30,106
1,46,384
1,56,1274
1,98,602
1,47,368
1,81,838
1,15,421
1,16,11
1,85,501
1,87,873
1,10,421
1,1,89
1,44,1112
1,58,1424
1,95,711
1,39,767
1,62,402
1,87,420
1,71,605
1,49,1272
1,68,588
1,43,891
1,100,1247
1,89,1433
1,44,298
1,96,430
1,84,731
1,86,686
1,8,879
1,49,775
1,13,418
1,95,419
1,35,69
1,3,535
1,23,1050
1,99,146
1,17,275
1,93,1053
1,83,853
1,48,821
1,52,236
1,28,249
1,19,1329
1,80,618
1,8,212
1,97,145
1,57,1115
1,12,394
1,98,804
1,45,606
1,68,662
1,90,1233
1,27,1283
1,70,183
1,52,485
1,18,1262
1,67,1180
1,29,596
1,20,108
1,38,569
1,3,586
1,91,21
1,92,295
1,90,28
1,16,1392
1,4,376
1,12,623
1,19,978
1,14,17
1,80,1407
1,2,462
1,73,1173
1,29,1318
1,44,425
1,88,1098
1,54,1327
1,93,1406
1,15,1354
1,74,281
1,78,531
1,16,1377
1,28,323
1,15,1258
1,67,1363
1,15,313
1,99,1156
1,72,294
1,5,1059
1,11,1187
1,54,695
1,14,1364
1,73,1073
1,85,1189
1,62,1199
1,22,903
1,65,833
1,96,1349
1,32,940
1,91,382
1,28,533
1,9,1000
1,24,1382
1,44,1046
1,87,344
1,98,199
1,14,530
1,11,1372
1,88,914
1,24,364
1,58,831
1,96,719
1,76,1190
1,93,1287
1,11,72
1,49,372
1,46,141
1,12,200
1,39,1002
1,84,617
1,96,1074
1,90,893
1,85,599
1,71,1019
1,52,1424
1,82,1310
1,76,507
1,32,989
1,58,193
1,24,579
1,56,443
1,48,1389
1,31,563
1,73,390
1,40,984
1,6,377
1,7,1116
1,6,461
1,21,537
1,82,665
1,16,1099
1,68,728
1,13,1195
1,45,598
1,70,546
1,80,923
1,83,548
1,99,767
1,38,149
1,97,581
1,11,1012
1,74,360
1,84,552
1,59,52
1,26,1018
1,29,597
1,37,138
1,66,1421
1,65,908
1,99,223
1,38,1092
1,77,1403
1,63,672
1,12,659
1,51,1372
1,89,1156
1,78,58
1,95,788
1,90,1320
1,99,961
1,6,445
1,68,1414
1,78,1073
1,43,802
1,5,20
1,22,567
1,85,107
1,93,71
1,12,1402
1,51,566
1,69,730
1,25,1152
1,13,1237
1,41,820
1,65,146
1,35,577
1,24,13
1,51,205
1,68,835
1,67,1334
1,80,6
1,47,704
1,10,842
1,10,733
1,49,52
1,73,1272
1,50,617
1,21,683
1,10,830
1,63,11
1,55,1098
1,19,201
1,25,1422
1,51,361
1,66,41
1,3,918
1,28,1164
1,96,34
1,96,648
1,33,692
1,95,1369
1,90,1420
1,100,1374
1,44,1278
1,56,1201
1,66,1420
1,62,708
1,5,925
1,40,865
1,46,984
1,30,1002
1,51,315
1,28,122
1,53,47
1,33,1287
1,42,916
1,83,757
1,18,331
1,89,541
1,21,521
1,39,1337
1,29,1191
1,36,1088
1,18,257
1,84,221
1,75,414
1,21,849
1,95,538
1,100,886
1,41,1131
1,69,1375
1,30,739
1,88,808
1,43,1376
1,99,757
1,60,1423
1,39,139
1,48,49
1,87,117
1,25,20
1,42,745
1,68,109
1,28,198
1,90,473
1,40,796
1,98,948
1,26,619
1,86,408
1,96,719
1,53,551
1,23,1320
1,100,447
1,13,562
1,3,1413
1,47,596
1,92,1418
1,20,1150
1,50,824
1,28,40
1,51,6
1,25,613
1,32,1280
1,39,1376
1,19,1370
1,89,1315
1,65,1000
1,66,1226
1,96,531
1,13,277
1,51,1062
1,48,202
1,96,254
1,97,1169
1,83,158
1,37,1313
1,80,1088
1,72,519
1,62,833
1,83,885
1,83,1288
1,34,403
1,48,440
1,54,879
1,73,722
1,96,384
1,50,1162
1,12,1240
1,80,217
1,63,1148
1,53,1230
1,96,856
1,63,589
1,53,807
1,84,812
1,37,1280
1,27,1428
1,55,715
1,15,1003
1,47,582
1,69,294
1,96,990
1,91,526
1,12,177
1,50,732
1,51,146
1,44,1411
1,71,1364
1,88,515
1,42,1365
1,3,1414
1,31,763
1,83,370
1,77,164
1,37,898
1,13,1197
1,19,1204
1,62,718
1,24,1350
1,74,1223
1,75,1204
1,6,9
1,37,924
1,87,327
1,33,309
1,40,702
1,53,733
1,53,1175
1,1,935
1,90,1279
1,62,1002
1,99,35
1,9,194
1,38,809
1,43,625
1,80,478
1,19,1419
1,22,801
1,3,1402
1,100,178
1,39,1413
1,12,234
1,78,64
1,55,369
1,83,57
1,69,96
1,49,4
1,100,1267
1,54,603
1,81,764
1,19,76
1,5,944
1,44,303
1,36,775
1,24,712
1,64,35
1,99,346
1,68,635
1,18,782
1,74,20
1,64,826
1,91,1095
1,42,1382
1,94,907
1,83,1189
1,50,1204
1,36,384
1,74,296
1,81,1035
1,16,561
1,22,272
1,51,749
1,8,315
1,37,293
1,85,828
1,27,807
1,41,798
1,96,998
1,77,719
1,35,59
1,100,78
1,85,486
1,83,243
1,22,909
1,20,1336
1,87,767
1,22,1365
1,37,868
1,72,300
1,100,1296
1,97,1315
1,38,773
1,97,711
1,18,127
1,53,1369
1,8,243
1,99,1435
1,28,115
1,4,92
1,27,828
1,22,705
1,98,963
1,39,93
1,95,385
1,90,364
1,92,1412
1,82,1395
1,27,1172
1,8,154
1,60,875
1,87,523
1,88,177
1,87,1098
1,46,569
1,42,1172
1,73,881
1,50,407
1,89,1030
1,78,1286
1,13,801
1,43,1336
1,56,1368
1,93,611
1,12,1154
1,86,309
1,28,1362
1,47,281
1,88,970
1,67,846
1,74,810
1,29,747
1,94,1327
1,95,746
1,17,426
1,85,337
1,41,1041
1,32,232
1,2,148
1,31,585
1,3,306
1,93,1358
1,65,1175
1,71,661
1,89,273
1,46,1127
1,58,41
1,42,837
1,71,1393
1,82,802
1,6,1238
1,16,912
1,71,115
1,33,1334
1,12,681
1,44,1363
1,20,1024
1,86,1182
1,96,1189
1,74,1391
1,98,233
1,24,70
1,30,92
1,24,165
1,36,1086
1,67,668
1,51,1382
1,85,636
1,48,778
1,69,483
1,65,1402
1,31,1118
1,88,1389
1,70,1285
1,2,338
1,68,951
1,94,854
1,67,1281
1,47,30
1,67,1392
1,39,397
1,37,1438
1,42,848
1,83,1243
1,43,1046
1,73,969
1,25,305
1,18,348
1,89,601
1,8,1396
1,37,69
1,55,1377
1,58,1041
1,20,913
1,68,339
1,14,721
1,81,127
1,38,1357
1,85,1157
1,19,1292
1,40,90
1,75,672
1,68,1075
1,51,1305
1,62,167
1,8,643
1,15,524
1,24,702
1,88,1266
1,66,1195
1,8,740
1,5,1285
1,53,795
1,64,595
1,42,1287
1,100,828
1,91,759
1,54,46
1,7,1336
1,8,704
1,62,110
1,81,819
1,28,544
1,44,151
1,63,914
1,82,1160
1,95,457
1,39,798
1,24,418
1,79,806
1,58,40
1,65,818
1,50,7
1,28,1313
1,54,468
1,44,1289
1,66,1034
1,38,21
1,81,559
1,88,1194
1,21,136
1,81,891
1,40,621
1,86,286
1,82,444
1,13,46
1,34,902
1,50,848
1,32,130
1,97,1201
1,77,90
1,41,1190
1,3,198
1,16,959
1,2,731
